<?xml version="1.0" encoding="UTF-8"?>
<beans xmlns="http://www.springframework.org/schema/beans"
 xmlns:xsi="http://www.w3.org/2001/XMLSchema-instance" xmlns:aop="http://www.springframework.org/schema/aop"
 xsi:schemaLocation="http://www.springframework.org/schema/beans http://www.springframework.org/schema/beans/spring-beans-3.0.xsd">
    <bean id="capitalBean" class="com.synerzip.demo3.Capital">
       <property name="capitalName" value="Abu Dabi"></property>
    </bean>
    <bean id="countryBean" class="com.synerzip.demo2.Country">
       <property name="countryName" value="UAE"/>
       <property name="capital" ref="capitalBean"/>
       </bean>  
 </beans>